priority,score,name,segment,channel,contact,url,contact_source,angle,status,template,next_action,follow_up_date,send_id,notes,outreach_variant
1,78,Happy Holmes Fibre Arts,handmade craft,email,happyholmesfibrearts@hotmail.com,https://happy-holmes-fibre-arts.myshopify.com/pages/contact-us,https://happy-holmes-fibre-arts.myshopify.com/pages/contact-us,handmade products with repeat catalog photos,sent_2026-07-06_followup,email_handmade_home,watch_replies,,a00fd41c-781f-4e67-9191-9f009e423655,Previous outreach record. One allowed follow-up sent 2026-07-06.,
2,78,Kate Warby Designs,handmade design,email,katewarbydesigns@bigpond.com,https://kate-warby-designs-5783.myshopify.com/pages/contact,https://kate-warby-designs-5783.myshopify.com/pages/contact,handmade product catalog and product updates,sent_2026-07-06_followup,email_handmade_home,watch_replies,,535f01a1-35b3-4477-8e42-302011608898,Previous outreach record. One allowed follow-up sent 2026-07-06.,
3,78,Naturalista Distributors,handmade natural products,email,naturalistaja@gmail.com,https://naturalista-distributors.myshopify.com/pages/contact-us,https://naturalista-distributors.myshopify.com/pages/contact-us,natural handmade product range with ecommerce photos,sent_2026-07-06_followup,email_handmade_home,watch_replies,,c888209a-3fd2-458a-933a-529e956a938e,Previous outreach record. One allowed follow-up sent 2026-07-06.,
4,78,Handmade by JenAd,handmade products,email,products@handmadebyjenad.com,https://handmadebyjenad.myshopify.com/pages/contact,https://handmadebyjenad.myshopify.com/pages/contact,product-info mailbox for handmade catalog,sent_2026-07-06_followup,email_handmade_home,watch_replies,,3580ade9-7e75-4685-bcdc-69a31a2ae7ff,Previous outreach record. One allowed follow-up sent 2026-07-06.,
5,78,Jamies Crafting Creations,custom handmade,email,jamiehuppmann@gmail.com,https://jamies-crafting-creations.myshopify.com/pages/contact,https://jamies-crafting-creations.myshopify.com/pages/contact,custom handmade crafts with product listings,sent_2026-07-06_followup,email_custom_gifts,watch_replies,,c72503e6-9b91-4ac5-a4d7-71b465ea48ab,Previous outreach record. One allowed follow-up sent 2026-07-06.,
6,76,Featherlite Product Photography,product photography,email,hello@featherliteproductphoto.com,https://www.featherliteproductphotography.com/pages/contact-us,https://www.featherliteproductphotography.com/pages/contact-us,possible workflow partner for batch background removal,sent_2026-07-06_followup,email_partner,watch_replies,,51cb7bc1-31d0-43eb-99eb-b9371599d51a,Previous outreach record. One allowed follow-up sent 2026-07-06.,
7,78,Toriara Naturals,natural cosmetics,contact form,form,https://toriara-naturals.myshopify.com/pages/contact-us,https://toriara-naturals.myshopify.com/pages/contact-us,natural face and body products need clean catalog photos,sent_2026-06-30,email_bath_body,watch_replies,,,Previous outreach record.
8,78,Sixty Vines Candles,candles,contact form,form,https://sixtyvines-ergo.myshopify.com/pages/contact,https://sixtyvines-ergo.myshopify.com/pages/contact,candle product catalog with repeat product shots,sent_2026-07-01,email_candles,watch_replies,,,Previous outreach record.
9,78,Kramer + Co Boutique,boutique,contact form,form,https://kramerandco.myshopify.com/pages/contact,https://kramerandco.myshopify.com/pages/contact,boutique products and handmade items,sent_2026-07-01,email_custom_gifts,watch_replies,,,Previous outreach record.
10,78,Sassy C's Boutique,fashion boutique,contact form,form,https://xczi1b-we.myshopify.com/pages/contact,https://xczi1b-we.myshopify.com/pages/contact,boutique apparel catalog and seasonal products,sent_2026-07-01,email_custom_gifts,watch_replies,,,Previous outreach record.
11,78,NVsisters HandMade,handmade,contact form,form,https://nvsisters-handmade.myshopify.com/pages/contact,https://nvsisters-handmade.myshopify.com/pages/contact,handmade products with ecommerce catalog needs,sent_2026-06-30,email_handmade_home,watch_replies,,,Previous outreach record.
12,0,Ronnies Candles LLC,candles,contact form,form,https://ronnies-candles.myshopify.com/pages/contact-us,https://ronnies-candles.myshopify.com/pages/contact-us,multiple candle collections with repeat photos,blocked_no_contact_form,email_candles,do_not_contact,,,Contact blocked in previous outreach pass.
13,78,Rych Wicks Candles,candles,contact form,form,https://rychwickscandlesllc.myshopify.com/pages/contact,https://rychwickscandlesllc.myshopify.com/pages/contact,candle product catalog with repeat listing photos,sent_2026-07-01,email_candles,watch_replies,,,Previous outreach record.
14,0,Mazi Scented Candles,candles,contact form,form,https://mazi-scented-candles.myshopify.com/pages/contact-us,https://mazi-scented-candles.myshopify.com/pages/contact-us,scented candle catalog and product images,blocked_newsletter_only,email_candles,do_not_contact,,,Contact blocked in previous outreach pass.
15,78,CHIYAN Jewelry,jewelry,contact form,form,https://chiyan-jewelry.myshopify.com/pages/contact-us,https://chiyan-jewelry.myshopify.com/pages/contact-us,jewelry product photos and collection updates,sent_2026-07-01,email_jewelry,watch_replies,,,Previous outreach record.
16,0,Handmade with Love - Eleni Pantagis,jewelry,contact form,form,https://handmade-with-love-from-greece.myshopify.com/pages/contact-us,https://handmade-with-love-from-greece.myshopify.com/pages/contact-us,handmade jewelry catalog and VIP deals,blocked_store_unavailable,email_jewelry,do_not_contact,,,Contact blocked in previous outreach pass.
17,0,Park Cities Jewelry & Gifts,jewelry,contact form,form,https://parkcitiesjewelry.myshopify.com/pages/contact,https://parkcitiesjewelry.myshopify.com/pages/contact,jewelry and gifts catalog,blocked_store_unavailable,email_jewelry,do_not_contact,,,Contact blocked in previous outreach pass.
18,0,Lark & Lily Handmade,handmade,contact form,form,https://lark-lily-handmade.myshopify.com/pages/contact,https://lark-lily-handmade.myshopify.com/pages/contact,handmade products with social channels,blocked_password,email_handmade_home,do_not_contact,,,Contact blocked in previous outreach pass.
19,78,Amelia Jane Handmade Creations,handmade,contact form,form,https://amelia-jane-handmade-creations.myshopify.com/pages/contact,https://amelia-jane-handmade-creations.myshopify.com/pages/contact,handmade catalog and simple product pages,sent_2026-06-30,email_handmade_home,watch_replies,,,Previous outreach record.
20,78,Color Freak Boutique,fashion boutique,contact form,form,https://colorfreakboutique.myshopify.com/pages/contact,https://colorfreakboutique.myshopify.com/pages/contact,apparel/product catalog with repeat image work,sent_2026-06-30,email_custom_gifts,watch_replies,,,Previous outreach record.
21,78,Js Harmony,candles,email,jsharmonystore@gmail.com,https://jsharmony.store/,https://jsharmony.store/,candle and product photos with backgrounds where clean catalog cutouts can help,sent_2026-07-01,email_candles,follow_up_if_no_reply,2026-07-07,937c6f02-e604-4f0f-9ad4-a55e5d77c7d0,Previous outreach record.
22,78,Tadley Crafts,handmade craft,email,smokeboom@tiscali.co.uk,https://boomerisanangel.myshopify.com/pages/contact,https://boomerisanangel.myshopify.com/pages/contact,handmade product photos with mixed presentation styles,sent_2026-07-01,email_handmade_home,follow_up_if_no_reply,2026-07-07,9319cb10-940b-4e50-af97-3b5ac13bd702,Previous outreach record.
23,78,Madera Design Studio,jewelry,email,stacey@maderadesignstudio.com,https://www.maderadesignstudio.com/collections/fine-statement-jewelry,https://www.maderadesignstudio.com/collections/fine-statement-jewelry,jewelry product photos and model/fabric contexts that can benefit from clean cutouts,sent_2026-07-01,email_jewelry,follow_up_if_no_reply,2026-07-07,4d29672a-4c2b-432e-8b0e-b1f8eeded9b5,Previous outreach record.
24,78,Out of the Adirondacks,handmade wood products,email,outoftheadks@gmail.com,https://outoftheadks.com/products/shaker-ratcheting-candle-holder,https://outoftheadks.com/products/shaker-ratcheting-candle-holder,handmade wood product photos with table and home backgrounds,sent_2026-07-01,email_handmade_home,follow_up_if_no_reply,2026-07-07,f0ac1fba-dcda-4954-90f4-254e6a4eef29,Previous outreach record.
25,78,GraviPaw,pet accessories,email,hello@gravipaw.com,https://www.gravipaw.com/products/red-white-diamond-pet-bandana-collar,https://www.gravipaw.com/products/red-white-diamond-pet-bandana-collar,pet accessory catalog and lifestyle photos for cleaner ecommerce assets,sent_2026-07-01,email_pet_accessories,follow_up_if_no_reply,2026-07-07,9db20671-36ef-4919-9873-a98d945e761e,Previous outreach record.
26,78,SC HOME SCENTS,candles,email,schomescents@gmail.com,https://schomescentsuk.co.uk/,https://schomescentsuk.co.uk/,candle and home fragrance photos with recurring product listing needs,sent_2026-07-01,email_candles,follow_up_if_no_reply,2026-07-07,5983186e-3a4d-45ff-9a6c-1ee170531f9b,Previous outreach record.
27,78,Rinse Bath & Body,bath and body,email,info@rinsesoap.com,https://rinsesoap.com/products/freshness-car-diffuser,https://rinsesoap.com/products/freshness-car-diffuser,bath and body product photos with catalog and detail image needs,sent_2026-07-01,email_bath_body,follow_up_if_no_reply,2026-07-07,3c515dd3-6755-43b6-832a-bf4a33d4d198,Previous outreach record.
28,70,Happy Times Favors,event favors,email,happydaysfavorss@gmail.com,https://www.happytimesfavors.com/products/handmade-baby-shower-flower-tag-magnet-favors-birthday-bulk-favors-baptism-custom-tag-favors-unique-favors-thank-you-magnet-favors,https://www.happytimesfavors.com/products/handmade-baby-shower-flower-tag-magnet-favors-birthday-bulk-favors-baptism-custom-tag-favors-unique-favors-thank-you-magnet-favors,personalized favor products with many variations and listing images,sent_2026-07-01,email_custom_gifts,follow_up_if_no_reply,2026-07-07,db324295-c8eb-4af9-a1e2-9ee94a612db0,Previous outreach record.
29,78,Beastly Threads,textiles,email,torrey@beastlythreads.com,https://www.beastlythreads.com/products/sage-blue-rhino-table-runner,https://www.beastlythreads.com/products/sage-blue-rhino-table-runner,textile and home decor photos that can benefit from consistent product cutouts,sent_2026-07-01,email_handmade_home,follow_up_if_no_reply,2026-07-07,802667f6-b310-4ee3-8691-328eb21ee48b,Previous outreach record.
30,78,BEEYARND,handmade fiber art,email,hello@beeyarnd.com,https://beeyarnd.co/collections/all,https://beeyarnd.co/collections/all,handmade fiber art and home decor photos for clean product presentation,sent_2026-07-01,email_handmade_home,follow_up_if_no_reply,2026-07-07,5cbde1d8-3672-4b79-b097-b2b63b30ec8f,Previous outreach record.
31,92,Healing & Feel Good Candles,candles,email,healingandfeelgoodcandles@gmail.com,https://healing-feel-good-candles.myshopify.com/pages/contact,https://healing-feel-good-candles.myshopify.com/pages/contact,candle/home fragrance photos with visible ecommerce catalog need,sent_2026-07-07_followup,email_candles,watch_replies,,e7a4ccd0-3f40-4818-9edf-441d027570bb,Public email confirmed on contact page. One allowed follow-up sent 2026-07-07.
32,91,Estel's Creations,candles,email,estelscreations@gmail.com,https://estels-creations.myshopify.com/pages/contact-us,https://estels-creations.myshopify.com/pages/contact-us,candles and wax melts with repeated product listing photos,sent_2026-07-07_followup,email_candles,watch_replies,,9fd8a95b-217c-4033-9eb8-70604c113bf9,Public email confirmed on contact page. One allowed follow-up sent 2026-07-07.
33,88,The Perfume & Skincare Company,bath and body,email,info@perfumeandskincare.com.au,https://perfume-skincare-company.myshopify.com/pages/contact-us,https://perfume-skincare-company.myshopify.com/pages/contact-us,bath/body and home fragrance product range with many catalog images,sent_2026-07-07_followup,email_bath_body,watch_replies,,dc9e42da-dc86-47c6-9288-604a240d0850,Public email confirmed on contact page. One allowed follow-up sent 2026-07-07.
34,87,Foxxi Foamz,bath and body,email,info@foxxifoamz.co.nz,https://foxxifoamz.myshopify.com/pages/contact-us,https://foxxifoamz.myshopify.com/pages/contact-us,bath and body essentials with product-photo consistency needs,sent_2026-07-07_followup,email_bath_body,watch_replies,,7fcd82c3-07f1-4593-b5e9-67f71a83ba92,Public email confirmed on contact page. One allowed follow-up sent 2026-07-07.
35,90,Candle Cola,candles,email,candle.cola22@gmail.com,https://rhi7sn-m0.myshopify.com/pages/contact,https://rhi7sn-m0.myshopify.com/pages/contact,candle catalog photos and product collection updates,sent_2026-07-07_followup,email_candles,watch_replies,,b6003a5b-a005-45f3-b8dc-d1db02bf23b3,Public email confirmed on contact page. One allowed follow-up sent 2026-07-07.
36,91,Yancy Spa Candles and Scents,candles,email,sales@yancynaturalsstore.com,https://spa-candles-scents.myshopify.com/pages/contact-us,https://spa-candles-scents.myshopify.com/pages/contact-us,candles and scent products with multiple channels and listing photos,sent_2026-07-07_followup,email_candles,watch_replies,,8cbdda70-c04d-4e0b-9e63-c5d81312d2d1,Public sales email confirmed on contact page. One allowed follow-up sent 2026-07-07.
37,89,L and J Designs 21,candles,email,info@landjdesigns21.com,https://l-and-j-designs-21.myshopify.com/pages/contact-us,https://l-and-j-designs-21.myshopify.com/pages/contact-us,luxury candles and custom engraving photos for catalog consistency,sent_2026-07-07_followup,email_candles,watch_replies,,956263fe-11d7-4e5d-a599-81a0b2bbcec9,Public email confirmed on contact page. One allowed follow-up sent 2026-07-07.
38,86,The Milky Mudra,jewelry,email,themilkymudra@gmail.com,https://the-milky-mudra.myshopify.com/pages/contact-us,https://the-milky-mudra.myshopify.com/pages/contact-us,memorial and custom jewelry product photos,sent_2026-07-13_followup,email_jewelry,watch_replies,,dc992ad7-071a-4767-b28a-94eda9d12656,Public email confirmed on contact page. One allowed follow-up sent 2026-07-13.
39,90,Iśvara Candles,candles,email,isvaracandles@gmail.com,https://isvaracandles.myshopify.com/pages/contact,https://isvaracandles.myshopify.com/pages/contact,candle product photos and ecommerce catalog images,sent_2026-07-07_followup,email_candles,watch_replies,,49d4ad9f-dc99-4118-aa4a-20aeb6c1d856,Public email confirmed on contact page. One allowed follow-up sent 2026-07-07.
40,88,3BlessingsCreations,bath and body,email,3blessingscreations2021@gmail.com,https://3blessingscreations-3.myshopify.com/pages/contact,https://3blessingscreations-3.myshopify.com/pages/contact,soap candles body butter and lotion product photos,sent_2026-07-07_followup,email_bath_body,watch_replies,,1e8c9b22-ee36-47a9-afc9-34690b11fb74,Public email confirmed on contact page. One allowed follow-up sent 2026-07-07.
41,82,HicksCreations,custom gifts,email,hickscreationshelp@yahoo.com,https://hickscreations.myshopify.com/pages/contact,https://hickscreations.myshopify.com/pages/contact,custom tumblers gifts and apparel with repeat catalog photos,sent_2026-07-01,email_custom_gifts,follow_up_if_no_reply,2026-07-07,95da8b12-11b4-4824-9156-65770515ae2a,Public email confirmed on contact page.
42,90,Mountain Lily Collective,candles,email,mountainlilycollective@yahoo.com,https://mountainlilycollective.myshopify.com/pages/contact,https://mountainlilycollective.myshopify.com/pages/contact,candles and wax melts with catalog and wholesale imagery needs,sent_2026-07-07_followup,email_candles,watch_replies,,054d43f7-260b-4f8c-ac9d-9f0a01740812,Public email confirmed on contact page. One allowed follow-up sent 2026-07-07.
43,90,Black Sheep Creations,candles,email,info@blacksheep-creations.co.uk,https://black-sheep-creation.myshopify.com/pages/contact-us,https://black-sheep-creation.myshopify.com/pages/contact-us,wax melts and home fragrance products with ecommerce photos,sent_2026-07-07_followup,email_candles,watch_replies,,ff75285f-9426-4a3d-ae1c-c17db1be9c27,Public email confirmed on contact page. One allowed follow-up sent 2026-07-07.
44,84,Maiyan Benyona,home decor,email,studio@maiyanceramic.com,https://maiyanbenyona.myshopify.com/pages/contact-us,https://maiyanbenyona.myshopify.com/pages/contact-us,handmade ceramic products with visual catalog presentation,sent_2026-07-13_followup,email_handmade_home,watch_replies,,56dfca72-01a7-4fa3-aea6-81e55c436293,Public email confirmed on contact page. One allowed follow-up sent 2026-07-13.
45,86,Body Butter Lady,bath and body,email,inquiries@bodybutterlady.com,https://body-butter-lady.myshopify.com/pages/contact-us,https://body-butter-lady.myshopify.com/pages/contact-us,body butter product photos and market/catalog assets,sent_2026-07-13_followup,email_bath_body,watch_replies,,a2718a8a-cae3-41ab-aa71-2835583e5fdb,Public email confirmed on contact page. One allowed follow-up sent 2026-07-13.
46,90,MiLeo Scents,candles,email,mileoscents@gmail.com,https://milo-scents.myshopify.com/pages/contact-us,https://milo-scents.myshopify.com/pages/contact-us,wax melts candles room sprays and seasonal product photos,sent_2026-07-07_followup,email_candles,watch_replies,,30d6a244-3bad-42a5-a1c8-96217d424fcf,Public email confirmed on contact page. One allowed follow-up sent 2026-07-07.
47,82,MT Peak Market,handmade craft,email,mtpeakmarket@gmail.com,https://peak-fabric.myshopify.com/pages/contact-information,https://peak-fabric.myshopify.com/pages/contact-information,fabric and handmade product catalog images,sent_2026-07-13_followup,email_handmade_home,watch_replies,,ae3362ff-dc37-48c1-b1eb-24ad3c463c88,Public email confirmed on contact page. One allowed follow-up sent 2026-07-13.
48,82,K Fancy Club,jewelry,email,kfancyclub7@gmail.com,https://goodluckcrystals.myshopify.com/pages/contact,https://goodluckcrystals.myshopify.com/pages/contact,crystal and jewelry product photos,sent_2026-07-13_followup,email_jewelry,watch_replies,,9f6da7ac-4dc5-4b49-867c-b132437f1a30,Public email confirmed on contact page. One allowed follow-up sent 2026-07-13.
49,86,iMakeUpMe Skincare,bath and body,email,info@imakeupme.com,https://imakeupme-beauty-skincare.myshopify.com/pages/contact-us,https://imakeupme-beauty-skincare.myshopify.com/pages/contact-us,skincare body care and facial product photos,sent_2026-07-13_followup,email_bath_body,watch_replies,,055f206e-c39f-4e74-b78b-217fb3a8cd0e,Public email confirmed on contact page. One allowed follow-up sent 2026-07-13.
50,84,The Peachy Cactus Boutique,custom gifts,email,thepeachycactusbtq@gmail.com,https://the-peachy-cactus-boutique-2.myshopify.com/pages/contact,https://the-peachy-cactus-boutique-2.myshopify.com/pages/contact,handmade custom products jewelry and boutique listing photos,sent_2026-07-13_followup,email_custom_gifts,watch_replies,,fcdc7f94-f3a2-4e65-b2e0-b82c9023502f,Public email confirmed on contact page. One allowed follow-up sent 2026-07-13.
51,76,Crazy K Farm,pet accessories,email,support@crazykfarm.com,https://crazy-k-farm.myshopify.com/pages/contact-us,https://crazy-k-farm.myshopify.com/pages/contact-us,pet and poultry accessories with product catalog photos,sent_2026-07-01,email_pet_accessories,follow_up_if_no_reply,2026-07-07,aeca7204-8c88-4fd3-9e30-4c5d8a312216,Public email confirmed and sent through support@batchcutout.com on 2026-07-01.
52,78,Mama Zuri Style,handmade baby products,email,mamazuristyle@yahoo.com,https://mama-zuri-style.myshopify.com/pages/contact-us,https://mama-zuri-style.myshopify.com/pages/contact-us,handmade baby products with product photos,sent_2026-07-01,email_handmade_home,follow_up_if_no_reply,2026-07-07,962df088-a4a5-4da8-a551-6d8dd36471a1,Public email confirmed and sent through support@batchcutout.com on 2026-07-01.
53,72,Kernow Pet Supplies,pet accessories,email,enquiries@kernowpetsupplies.uk,https://kernowpetsupplies.myshopify.com/pages/contact-us,https://kernowpetsupplies.myshopify.com/pages/contact-us,pet product retailer with ecommerce catalog photos,sent_2026-07-01,email_pet_accessories,follow_up_if_no_reply,2026-07-07,6631b91a-7935-415f-9f40-196419838655,Public email confirmed and sent through support@batchcutout.com on 2026-07-01.
54,82,The Sterling Gypsy,custom gifts,email,thesterlinggypsyky@gmail.com,https://the-sterling-gypsy.myshopify.com/pages/contact,https://the-sterling-gypsy.myshopify.com/pages/contact,western apparel jewelry hats and custom gift photos,sent_2026-07-13_followup,email_custom_gifts,watch_replies,,a4f62827-33f7-4f5d-8930-d9c921d409e1,Public email confirmed and sent through support@batchcutout.com on 2026-07-01. One allowed follow-up sent 2026-07-13.
55,78,The Orchard She Shed,handmade craft,email,reneewesbrooks@gmail.com,https://sjqfjk-q3.myshopify.com/pages/contact-1,https://sjqfjk-q3.myshopify.com/pages/contact-1,homemade soap gifts accessories and handmade vintage products,sent_2026-07-01,email_handmade_home,follow_up_if_no_reply,2026-07-07,07a4ce97-ed67-4b2c-8790-cf0bff3546b8,Public email confirmed and sent through support@batchcutout.com on 2026-07-01.
56,74,THE BODY FIX,bath and body,email,thebodyfixstore@gmail.com,https://shopthebodyfix.myshopify.com/pages/contact-us,https://shopthebodyfix.myshopify.com/pages/contact-us,body products bundles and ecommerce photos,sent_2026-07-01,email_bath_body,follow_up_if_no_reply,2026-07-07,b4976e4a-b9e6-46e5-9d20-07ecba852dd1,Public email confirmed and sent through support@batchcutout.com on 2026-07-01.
57,82,Lorena Young Jewelry,jewelry,email,lorenayoungjewelry@gmail.com,https://lorena-young-jewelry.myshopify.com/pages/contact-us,https://lorena-young-jewelry.myshopify.com/pages/contact-us,jewelry product photos and handmade catalog presentation,sent_2026-07-13_followup,email_jewelry,watch_replies,,d7d87b84-a0f3-4909-9ebf-bb38f0be9ab9,Public email confirmed and sent through support@batchcutout.com on 2026-07-01. One allowed follow-up sent 2026-07-13.
58,84,DV Jewelry Designs,jewelry,email,dvjewelrydesigns@gmail.com,https://cbrixr-41.myshopify.com/pages/contact,https://cbrixr-41.myshopify.com/pages/contact,handmade jewelry designs with catalog photos and product variants,sent_2026-07-13_followup,email_jewelry,watch_replies,,67e7c5dc-7890-46d2-ac76-17f5a9fabff3,Public email confirmed and sent through support@batchcutout.com on 2026-07-01. One allowed follow-up sent 2026-07-13.
59,80,TND Customs,custom gifts,email,doetoonscustoms@gmail.com,https://tndcustoms.myshopify.com/pages/contact,https://tndcustoms.myshopify.com/pages/contact,custom tumblers apparel and bulk custom-order photos,sent_2026-07-01,email_custom_gifts,follow_up_if_no_reply,2026-07-07,171349b2-872c-4605-8520-fb6fb72b0a4b,Public email confirmed and sent through support@batchcutout.com on 2026-07-01.
60,72,Alrossa,handmade marketplace,email,sales@alrossa.com,https://alrossa.myshopify.com/pages/contact-us,https://alrossa.myshopify.com/pages/contact-us,multi-category marketplace with beauty candles food jewelry and outdoor products,sent_2026-07-01,email_store_owner,follow_up_if_no_reply,2026-07-07,70833d7c-457d-43fd-816d-c2d6aeca3e7e,Public email confirmed and sent through support@batchcutout.com on 2026-07-01.
61,76,eCommerce Images,product photography partner,email,hello@ecommerceimages.com,https://ecommerceimages.com/,https://ecommerceimages.com/,product photography studio partner candidate for batch cutout workflows,sent_2026-07-01,email_partner,follow_up_if_no_reply,2026-07-07,5c272777-d167-4323-8cf7-b5b1eda4d526,Public email confirmed and sent through support@batchcutout.com on 2026-07-01.
62,80,SilverWear Handcrafted Jewelry,jewelry,contact form,form,https://silverwear-925.myshopify.com/pages/contact,https://silverwear-925.myshopify.com/pages/contact,handcrafted jewelry product photos and catalog images,blocked_captcha,email_jewelry,manual_captcha_required,,,Contact form has CAPTCHA/hCaptcha protection. Do not bypass; requires manual submission if pursued.
63,78,Kooch Jewelry,jewelry,contact form,form,https://koochjewelry.myshopify.com/pages/contact,https://koochjewelry.myshopify.com/pages/contact,handmade sterling silver jewelry photos,blocked_captcha,email_jewelry,manual_captcha_required,,,Contact form has CAPTCHA/hCaptcha protection. Do not bypass; requires manual submission if pursued.
64,78,Carmen Salvador Handmade Jewelry,jewelry,contact form,form,https://carmen-salvador-handmade-jewelry.myshopify.com/pages/contact,https://carmen-salvador-handmade-jewelry.myshopify.com/pages/contact,bohemian handmade jewelry product photos,blocked_captcha,email_jewelry,manual_captcha_required,,,Contact form has CAPTCHA/hCaptcha protection. Do not bypass; requires manual submission if pursued.
65,88,Riverwood Soy Candles,candles,contact form,form,https://riverwood-soy-candles.myshopify.com/pages/contact-us,https://riverwood-soy-candles.myshopify.com/pages/contact-us,candles wax melts car diffusers and room sprays,blocked_captcha,email_candles,manual_captcha_required,,,Contact form has CAPTCHA/hCaptcha protection. Do not bypass; requires manual submission if pursued.
66,84,Nature's Scent,candles,contact form,form,https://natures-scent-3627.myshopify.com/pages/contact,https://natures-scent-3627.myshopify.com/pages/contact,handmade scent products with ecommerce photo needs,blocked_captcha,email_candles,manual_captcha_required,,,Contact form has CAPTCHA/hCaptcha protection. Do not bypass; requires manual submission if pursued.
67,86,Storys and Scents,candles,contact form,form,https://storysandscents.myshopify.com/pages/contact,https://storysandscents.myshopify.com/pages/contact,candles wax melts soap and gift catalog photos,blocked_captcha,email_candles,manual_captcha_required,,,Contact form has CAPTCHA/hCaptcha protection. Do not bypass; requires manual submission if pursued.
68,78,Shop Small Shop Handmade,handmade craft,contact form,form,https://shop-small-shop-handmade-llc-the-shop.myshopify.com/pages/contact,https://shop-small-shop-handmade-llc-the-shop.myshopify.com/pages/contact,multi-vendor handmade products jewelry bath body and home decor,blocked_captcha,email_handmade_home,manual_captcha_required,,,Contact form has CAPTCHA/hCaptcha protection. Do not bypass; requires manual submission if pursued.
69,76,Nate Creates,custom gifts,contact form,form,https://k7vi1u-1x.myshopify.com/pages/contact,https://k7vi1u-1x.myshopify.com/pages/contact,custom tumblers and wraps with product photos,blocked_captcha,email_custom_gifts,manual_captcha_required,,,Contact form has CAPTCHA/hCaptcha protection. Do not bypass; requires manual submission if pursued.
70,76,Olio Concepts,custom gifts,contact form,form,https://olioconcepts.myshopify.com/pages/contact,https://olioconcepts.myshopify.com/pages/contact,custom t-shirts freshies tumblers and personalized gifts,blocked_captcha,email_custom_gifts,manual_captcha_required,,,Contact form has CAPTCHA/hCaptcha protection. Do not bypass; requires manual submission if pursued.
71,76,Southern Impression,custom gifts,contact form,form,https://053f70-51.myshopify.com/pages/contact,https://053f70-51.myshopify.com/pages/contact,custom tumblers apparel and personalized gifts,blocked_captcha,email_custom_gifts,manual_captcha_required,,,Contact form has CAPTCHA/hCaptcha protection. Do not bypass; requires manual submission if pursued.
72,80,Full Nettle Alchemist,bath and body,contact form,form,https://fullnettlealchemist.myshopify.com/pages/contact,https://fullnettlealchemist.myshopify.com/pages/contact,handmade soap tea blends and apothecary products,blocked_captcha,email_bath_body,manual_captcha_required,,,Contact form has CAPTCHA/hCaptcha protection. Do not bypass; requires manual submission if pursued.
73,86,Southern Glow Co.,candles,contact form,form,https://southernglowco.myshopify.com/pages/contact,https://southernglowco.myshopify.com/pages/contact,candles bar soap hand soap and room sprays,blocked_captcha,email_candles,manual_captcha_required,,,Contact form has CAPTCHA/hCaptcha protection. Do not bypass; requires manual submission if pursued.
74,80,The Pearly Goat Soapery,bath and body,contact form,form,https://the-pearly-goat-soapery.myshopify.com/pages/contact,https://the-pearly-goat-soapery.myshopify.com/pages/contact,soap body butter and bath product photos,blocked_captcha,email_bath_body,manual_captcha_required,,,Contact form has CAPTCHA/hCaptcha protection. Do not bypass; requires manual submission if pursued.
75,80,Tierra & Lava,bath and body,contact form,form,https://tierra-lava.myshopify.com/pages/contact,https://tierra-lava.myshopify.com/pages/contact,bath body starter products and wholesale product images,blocked_captcha,email_bath_body,manual_captcha_required,,,Contact form has CAPTCHA/hCaptcha protection. Do not bypass; requires manual submission if pursued.
76,76,Handmade Love Jewelry,jewelry,contact form,form,https://handmadelovejewelry.myshopify.com/pages/contact,https://handmadelovejewelry.myshopify.com/pages/contact,handmade jewelry product photos,blocked_captcha,email_jewelry,manual_captcha_required,,,Contact form has CAPTCHA/hCaptcha protection. Do not bypass; requires manual submission if pursued.
77,86,Daybreak Candle Creations,candles,contact form,form,https://ctzdsx-jh.myshopify.com/pages/contact,https://ctzdsx-jh.myshopify.com/pages/contact,handmade soy candle product photos,blocked_captcha,email_candles,manual_captcha_required,,,Contact form has CAPTCHA/hCaptcha protection. Do not bypass; requires manual submission if pursued.
78,0,Shimmer Nails Shop,bath and body,email,andreahayes6@hotmail.com,https://shimmer-nails-shop.myshopify.com/pages/contact,https://shimmer-nails-shop.myshopify.com/pages/contact,beauty candles room sprays and bath products,blocked_unverified_email,email_bath_body,do_not_contact,,,Search result showed an email but direct fetch did not confirm it. Re-check before contact.
79,0,NANYE Studio,home decor,email,nanyedesign@gmail.com,https://2tkptn-ku.myshopify.com/pages/contact,https://2tkptn-ku.myshopify.com/pages/contact,handmade hamsa and home decor products,blocked_store_unavailable,email_handmade_home,do_not_contact,,,Contact page returned 402 during verification.
80,0,Shootify,product photography partner,email,hello@shootify.us,https://shootify.us/product-photography-services/,https://shootify.us/product-photography-services/,product photography studio partner candidate,blocked_unverified_email,email_partner,do_not_contact,,,Search result showed an email but site returned 403 during verification. Re-check before contact.
81,86,TIA by Tia Hayek,jewelry,email,info@tiahayek.com,https://tiahayek.com/pages/contact-us,https://tiahayek.com/pages/contact-us,jewelry collections with many product photo variants,sent_2026-07-08_followup,email_jewelry,watch_replies,,6d061157-1ae9-4584-9dd5-01c08c01d7f0,Public business email verified 2026-07-01. Sent with demo outreach 2026-07-02. One allowed follow-up sent 2026-07-08.,demo_video
82,84,Nath Soap Company,bath and body,email,support@nathsoapcompany.com,https://nathsoapcompany.com/pages/contact-us,https://nathsoapcompany.com/pages/contact-us,soap and bath accessory catalog photos,sent_2026-07-08_followup,email_bath_body,watch_replies,,6d5eab7f-ff82-4421-8d7e-16e777bf46ca,Public customer service email verified 2026-07-01. Sent with demo outreach 2026-07-02. One allowed follow-up sent 2026-07-08.,demo_video
83,84,Natural Artist,jewelry,email,info@naturalartist.com,https://naturalartist.com/pages/contact,https://naturalartist.com/pages/contact,handmade jewelry categories with repeat product photos,sent_2026-07-08_followup,email_jewelry,watch_replies,,a79c1933-3b10-4988-a5b5-dc9c610a4d74,Public contact email verified 2026-07-01. Sent with demo outreach 2026-07-02. One allowed follow-up sent 2026-07-08.,demo_video
84,86,Waxy Cy,candles,email,info@waxyhandmadecandles.com,https://waxyhandmadecandles.com/pages/contact,https://waxyhandmadecandles.com/pages/contact,handmade candles wax melts and home fragrance product photos,sent_2026-07-08_followup,email_candles,watch_replies,,9dd4d519-d1d9-4d40-a70e-00680162bdfa,Public contact email verified 2026-07-01. Sent with demo outreach 2026-07-02. One allowed follow-up sent 2026-07-08.,demo_video
85,86,Stefanie Sheehan Handmade Jewelry,jewelry,email,hello@stefaniesheehandesigns.com,https://www.stefaniesheehandesigns.com/pages/contact-us,https://www.stefaniesheehandesigns.com/pages/contact-us,handmade jewelry and one-of-a-kind catalog photos,sent_2026-07-08_followup,email_jewelry,watch_replies,,2a238b4f-4f57-41be-92a6-c3fe92ac638a,Public direct email verified 2026-07-01. Sent with demo outreach 2026-07-02. One allowed follow-up sent 2026-07-08.,demo_video
86,82,Off Grid Soap Company,bath and body,email,offgridsoapcompany@gmail.com,https://www.offgridsoapcompany.com/pages/contact-us,https://www.offgridsoapcompany.com/pages/contact-us,soap lotion and body product photos,sent_2026-07-08_followup,email_bath_body,watch_replies,,7dd77a92-b1cb-49df-a408-5d10b1cd638b,Public contact email verified 2026-07-01. Sent with demo outreach 2026-07-02. One allowed follow-up sent 2026-07-08.,demo_video
87,82,Nairi Handmade Jewelry,jewelry,email,nairihandmadejewelry@gmail.com,https://shopnairi.com/pages/contact-us,https://shopnairi.com/pages/contact-us,handmade jewelry catalog and accessories,sent_2026-07-08_followup,email_jewelry,watch_replies,,3aa46cc4-4376-4bfa-9637-4f37bb48bca3,Public contact email verified 2026-07-01. Sent with demo outreach 2026-07-02. One allowed follow-up sent 2026-07-08.,demo_video
88,84,Moonique Creation,jewelry,email,hello@mooniquecreation.com,https://mooniquecreation.com/pages/info-and-customer-cervice,https://mooniquecreation.com/pages/info-and-customer-cervice,handmade jewelry ready-to-ship and custom products,sent_2026-07-08_followup,email_jewelry,watch_replies,,d433d99d-7947-4b8d-af0f-e4af9e525dc9,Public customer service email verified 2026-07-01. Sent with demo outreach 2026-07-02. One allowed follow-up sent 2026-07-08.,demo_video
89,84,Chaney Chicks Island Gifts,jewelry and gifts,email,chaneychicksgifts@gmail.com,https://chaneychicks.com/pages/contact,https://chaneychicks.com/pages/contact,sea glass jewelry gifts and product collections,sent_2026-07-08_followup,email_jewelry,watch_replies,,d4c41060-30e9-44a6-bd45-2dda8fecb2f5,Public contact email verified 2026-07-01. Sent with demo outreach 2026-07-02. One allowed follow-up sent 2026-07-08.,demo_video
90,82,Calendula Farms,candles,email,calendulafarms@gmail.com,https://calendula-farms.com/pages/white-label-wholesale,https://calendula-farms.com/pages/white-label-wholesale,handmade candle products and white label catalog photos,sent_2026-07-08_followup,email_candles,watch_replies,,8f93997f-062c-4a59-a22a-d2a799c82b44,Public white label contact email verified 2026-07-01. Sent with demo outreach 2026-07-02. One allowed follow-up sent 2026-07-08.,demo_video
91,84,Crystal Core Jewellery,jewelry,email,crystalcorecompany@gmail.com,https://crystalcorejewellery.ca/pages/contact,https://crystalcorejewellery.ca/pages/contact,crystal jewelry and custom order product photos,sent_2026-07-08_followup,email_jewelry,watch_replies,,0d0d4788-0537-45a6-9072-fbada49e95fc,Public direct email verified 2026-07-01. Sent with demo outreach 2026-07-02. One allowed follow-up sent 2026-07-08.,demo_video
92,86,West Glow Studio,candles,email,hello@westglowstudio.com,https://westglowstudio.com/pages/wholesale-opportunties,https://westglowstudio.com/pages/wholesale-opportunties,handcrafted candles wholesale and product images,sent_2026-07-08_followup,email_candles,watch_replies,,54138876-5d59-4e22-815b-0dd8e953dfb3,Public wholesale contact email verified 2026-07-01. Sent with demo outreach 2026-07-02. One allowed follow-up sent 2026-07-08.,demo_video
93,80,Bee Creative PDX,jewelry,email,beecreativepdx@gmail.com,https://beecreativepdx.com/pages/jewelry-care,https://beecreativepdx.com/pages/jewelry-care,handmade jewelry catalog and future wholesale interest,sent_2026-07-08_followup,email_jewelry,watch_replies,,ee70cf44-35f9-41b1-b15c-907a04a9c81c,Public contact email verified 2026-07-01. Sent with demo outreach 2026-07-02. One allowed follow-up sent 2026-07-08.,demo_video
94,86,HAMA Pottery,handmade ceramics,email,hamapottery@gmail.com,https://hama-pottery.myshopify.com/,https://hama-pottery.myshopify.com/,handcrafted pottery with premium catalog product photos,sent_2026-07-13_followup,email_handmade_home,watch_replies,,f19b975b-dced-4aa2-8bb7-a614f05435bb,Public contact email confirmed on official Shopify site 2026-07-03. First domain email sent 2026-07-06. One allowed follow-up sent 2026-07-13.,demo_video
95,84,Pots Jubilee,handmade ceramics,email,hels8bells@gmail.com,https://potsjubilee.myshopify.com/pages/contact,https://potsjubilee.myshopify.com/pages/contact,handmade pottery products with catalog photos,sent_2026-07-13_followup,email_handmade_home,watch_replies,,1c110706-09cf-41f8-8a58-097aabe98c3d,Public contact email confirmed on official Shopify contact page 2026-07-03. First domain email sent 2026-07-06. One allowed follow-up sent 2026-07-13.,demo_video
96,84,Atelier Boa Hora,handmade ceramics,email,atelierboahora@gmail.com,https://www.atelierboahora.com/,https://www.atelierboahora.com/,Lisbon ceramics and shop products with visual catalog needs,sent_2026-07-13_followup,email_handmade_home,watch_replies,,24df9a9a-7249-47d5-be0a-3d2358886722,Public email confirmed on official site 2026-07-03. First domain email sent 2026-07-06. One allowed follow-up sent 2026-07-13.,demo_video
97,78,Cat Socrates,gifts and home decor,email,hello.catsocrates@gmail.com,https://cat-socrates.myshopify.com/,https://cat-socrates.myshopify.com/pages/contact-us-1,independent gift and design store with repeated product catalog photos,sent_2026-07-13_followup,email_custom_gifts,watch_replies,,dcf6bfad-5754-4117-8470-e04f9135d4a5,Public other enquiries email confirmed on official Shopify contact page 2026-07-03. First domain email sent 2026-07-06. One allowed follow-up sent 2026-07-13.,demo_video
98,84,Rustic Metalz,custom gifts and home decor,email,rusticmetalz@gmail.com,https://rusticmetalz.com/,https://rusticmetalz.com/pages/contact,handcrafted metal wall art and custom sign product photos,sent_2026-07-13_followup,email_custom_gifts,watch_replies,,615109eb-9bea-44e1-9f4c-752b4fe3d6fe,Public email confirmed on official contact page 2026-07-03. First domain email sent 2026-07-06. One allowed follow-up sent 2026-07-13.,demo_video
99,86,Active Essentials,bath and body,email,info@activeessentialsskincare.com,https://active-essentials.myshopify.com/pages/contact-us,https://active-essentials.myshopify.com/pages/contact-us,skincare and soap product catalog with repeat listing photos,sent_2026-07-09,email_bath_body,follow_up_if_no_reply,2026-07-14,91ee3a30-3805-4a2e-97e3-cafd66c19e13,Public email found on contact page 2026-07-06. First domain email sent 2026-07-09.,demo_video
100,86,Phoenixware Ceramics,handmade ceramics,email,mercy.neumark@phoenixwareceramics.com,https://phoenixware-ceramics.myshopify.com/pages/contact-1,https://phoenixware-ceramics.myshopify.com/pages/contact-1,ceramic work with product listings and handmade catalog images,sent_2026-07-09,email_handmade_home,follow_up_if_no_reply,2026-07-14,ed56402a-8612-4613-9c71-455206c54f69,Public email found on contact page 2026-07-06. First domain email sent 2026-07-09.,demo_video
101,84,Rare Rares,jewelry,email,klaudijarares@yahoo.com,https://rare-rares.myshopify.com/pages/contact,https://rare-rares.myshopify.com/pages/contact,handmade jewellery and accessories with custom product photos,sent_2026-07-09,email_jewelry,follow_up_if_no_reply,2026-07-14,2675e1eb-43c2-40ff-9c9a-e556f1facc54,Public email found on contact page 2026-07-06. First domain email sent 2026-07-09.,demo_video
102,74,Studio Y Creative,custom gifts,email,studioycreative@gmail.com,https://studio-y-creative.myshopify.com/pages/contact,https://studio-y-creative.myshopify.com/pages/contact,handmade stationery and bespoke product visuals,ready,email_custom_gifts,send_domain_email,,,Public email found on contact page 2026-07-06.,demo_video
103,86,Batch Atelier,candles,email,sistogroup@gmail.com,https://batchatelier.myshopify.com/pages/contact-us,https://batchatelier.myshopify.com/pages/contact-us,candle products and workshop ecommerce photos,sent_2026-07-09,email_candles,follow_up_if_no_reply,2026-07-14,3881d85d-3466-4126-a273-53ff7093c868,Public email found on contact page 2026-07-06. First domain email sent 2026-07-09.,demo_video
104,84,Amour Scents,candles,email,info@amourscents.com,https://al-noor-shopping.myshopify.com/pages/contact-us,https://al-noor-shopping.myshopify.com/pages/contact-us,home fragrance and soap catalog with repeat product images,ready,email_candles,send_domain_email,,,Public email found on contact page 2026-07-06.,demo_video
105,78,Anona Customs,custom gifts,email,customs.anona@gmail.com,https://anona-customs.myshopify.com/pages/contact-us,https://anona-customs.myshopify.com/pages/contact-us,custom order products and product listing images,ready,email_custom_gifts,send_domain_email,,,Public email found on contact page 2026-07-06.,demo_video
106,78,Home Hatch,handmade home decor,email,homehatchpk@gmail.com,https://homehatchpk.myshopify.com/pages/contact,https://homehatchpk.myshopify.com/pages/contact,ceramic and home product catalog photos,ready,email_handmade_home,send_domain_email,,,Public email found on contact page 2026-07-06.,demo_video
107,76,Pepe and Carols,handmade home decor,email,krystal@pepeandcarols.com,https://pepe-carols.myshopify.com/pages/contact-us,https://pepe-carols.myshopify.com/pages/contact-us,handmade brass and home product photos with trade interest,ready,email_handmade_home,send_domain_email,,,Public email found on FAQ contact text 2026-07-06.,demo_video
108,72,Sunni Spencer Apres Sea,custom gifts,email,assistant@sunnispencer.com,https://sunni-spencer.myshopify.com/pages/contact,https://sunni-spencer.myshopify.com/pages/contact,boutique product and home decor imagery,ready,email_custom_gifts,send_domain_email,,,Public email found on contact page 2026-07-06.,demo_video
109,74,49Dzine,handmade home decor,email,edmontonstore@49design.com,https://49dzineedmonton.myshopify.com/pages/contact-us,https://49dzineedmonton.myshopify.com/pages/contact-us,artisan home goods and handmade product collections,ready,email_handmade_home,send_domain_email,,,Public email found on contact page 2026-07-06.,demo_video
110,76,Beautyhabit,bath and body,email,info@beautyhabit.com,https://beautyhabit.myshopify.com/pages/contact-us,https://beautyhabit.myshopify.com/pages/contact-us,personal care candles and bath product catalog volume,ready,email_bath_body,send_domain_email,,,Public email found on contact page 2026-07-06.,demo_video
111,86,Mooliano,handmade ceramics,email,support@mooliano.shop,https://43geyi-y0.myshopify.com/pages/contact,https://43geyi-y0.myshopify.com/pages/contact,handcrafted ceramic tableware with catalog product photos,sent_2026-07-09,email_handmade_home,follow_up_if_no_reply,2026-07-14,af40bdc0-123b-4f59-a0c0-b1670baa2f4f,Public email found on contact page 2026-07-06. First domain email sent 2026-07-09.,demo_video
112,74,Bohology,jewelry,email,boho@bohology.com,https://bohology.myshopify.com/pages/contact,https://bohology.myshopify.com/pages/contact,boutique jewelry and fashion product photography,ready,email_jewelry,send_domain_email,,,Public email found on contact page 2026-07-06.,demo_video
113,74,Scarves Australia,custom gifts,email,info@scarvesaustralia.com.au,https://scarves-australia.myshopify.com/pages/contact-us,https://scarves-australia.myshopify.com/pages/contact-us,handmade scarf product catalog and ecommerce photos,ready,email_custom_gifts,send_domain_email,,,Public email found on contact page 2026-07-06.,demo_video
114,82,Glo Brights Wonder Emporium,custom gifts,email,hello@glo-brights-wonder-emporium.co.uk,https://glo-brights-wonder-emporium.myshopify.com/pages/contact-us,https://glo-brights-wonder-emporium.myshopify.com/pages/contact-us,candles wax melts and gift products with catalog imagery,ready,email_custom_gifts,send_domain_email,,,Public email found on contact page 2026-07-06.,demo_video
115,78,Traces Boutique,candles,email,tracesboutique422@gmail.com,https://traces-boutique.myshopify.com/pages/contact-traces,https://traces-boutique.myshopify.com/pages/contact-traces,sustainable candles kitchen and boutique product images,ready,email_candles,send_domain_email,,,Public email found on contact page 2026-07-06.,demo_video
116,72,Itsy Bitsy Bulk Buy,custom gifts,email,info@itsybitsy.in,https://itsybitsywholesale.myshopify.com/pages/contact-us,https://itsybitsywholesale.myshopify.com/pages/contact-us,craft and handmade supply catalog with many product images,ready,email_custom_gifts,send_domain_email,,,Public email found on contact page 2026-07-06.,demo_video
117,88,KO Jewellery,jewelry,email,care@thekojewelleryshop.com,https://thekojewelleryshop.myshopify.com/pages/contact-us,https://thekojewelleryshop.myshopify.com/pages/contact-us,handmade silver jewellery with broad product catalog,sent_2026-07-09,email_jewelry,follow_up_if_no_reply,2026-07-14,c4a8b9bd-51bb-42f4-9219-ac74370bd780,Public email found on contact page 2026-07-06. First domain email sent 2026-07-09.,demo_video
118,82,EastKiln,handmade ceramics,email,xiaozuhui605@gmail.com,https://eastkiln.myshopify.com/pages/contact-information,https://eastkiln.myshopify.com/pages/contact-information,ceramic bowls plates and teapots with repeated product photos,ready,email_handmade_home,send_domain_email,,,Public email found on contact page 2026-07-06.,demo_video
119,80,Willow and Wicker,handmade home decor,email,hello@willowwicker.com,https://willowwicker.myshopify.com/pages/contact-us,https://willowwicker.myshopify.com/pages/contact-us,home goods jewelry candles and dried floral product catalog,ready,email_handmade_home,send_domain_email,,,Public email found on contact page 2026-07-06.,demo_video
120,88,Algovita Candle Co,candles,email,support@avcandle.com,https://f2c957-df.myshopify.com/pages/contact,https://f2c957-df.myshopify.com/pages/contact,candles wax melts personalized candles and home fragrance catalog,sent_2026-07-09,email_candles,follow_up_if_no_reply,2026-07-14,dc602df2-357a-439a-b018-4d29369fa6c2,Public email found on contact page 2026-07-06. First domain email sent 2026-07-09.,demo_video
121,84,Soy Light Candle Co,candles,email,soylightcandleco@gmail.com,https://soylightcandle-shop.myshopify.com/pages/contact-us,https://soylightcandle-shop.myshopify.com/pages/contact-us,candle and wax melt product images with repeat catalog updates,sent_2026-07-09,email_candles,follow_up_if_no_reply,2026-07-14,231f18e6-1a81-4e16-82de-8e3aa838b467,Public email found on contact page 2026-07-06. First domain email sent 2026-07-09.,demo_video
122,84,On a Wick and a Prayer,candles,email,annie@onawick.co.uk,https://on-a-wick-and-a-prayer-2.myshopify.com/pages/contact-us,https://on-a-wick-and-a-prayer-2.myshopify.com/pages/contact-us,candles reed diffusers wax melts and ceramic product photos,sent_2026-07-09,email_candles,follow_up_if_no_reply,2026-07-14,c4d7edef-9a66-4b81-8317-e50b81e66cce,Public email found on contact page 2026-07-06. First domain email sent 2026-07-09.,demo_video
123,76,Home Sweet Home Decor,handmade home decor,email,swfhomesweethome@gmail.com,https://home-sweet-home-decor-llc.myshopify.com/pages/contact-us,https://home-sweet-home-decor-llc.myshopify.com/pages/contact-us,home decor shop with ecommerce product listings,ready,email_handmade_home,send_domain_email,,,Public email found on contact page 2026-07-06.,demo_video
124,76,Lost Mines of Atlantis,jewelry,email,greenmancurioshop@gmail.com,https://lost-mines-of-atlantis.myshopify.com/pages/contact-us,https://lost-mines-of-atlantis.myshopify.com/pages/contact-us,jewelry crystals pottery and gemstone product catalog,ready,email_jewelry,send_domain_email,,,Public email found on contact page 2026-07-06.,demo_video
125,72,Suntek Print,custom gifts,email,support@sublanks.com,https://sublanks.myshopify.com/pages/contact,https://sublanks.myshopify.com/pages/contact,personalized photo gifts and ceramic blank product catalog,ready,email_custom_gifts,send_domain_email,,,Public email found on contact page 2026-07-06.,demo_video
126,78,Handmade by Emma Lou,custom gifts,email,handmadebyemmalou@outlook.com,https://handmadebyemmalou.myshopify.com/pages/contact,https://handmadebyemmalou.myshopify.com/pages/contact,handmade product listings and custom order photos,ready,email_custom_gifts,send_domain_email,,,Public email found on contact page 2026-07-06.,demo_video
127,74,Royal Imports,handmade home decor,email,sales@royalimports.com,https://royalimports-shop.myshopify.com/pages/contact,https://royalimports-shop.myshopify.com/pages/contact,floral supplies vases candles baskets and wholesale catalog photos,ready,email_handmade_home,send_domain_email,,,Public sales email found on contact page 2026-07-06.,demo_video
128,76,Carlyle Avenue,custom gifts,email,customerservice@carlyleavenue.com,https://carlyle-avenue.myshopify.com/pages/contact-us,https://carlyle-avenue.myshopify.com/pages/contact-us,gifts trade and bulk order product catalog imagery,ready,email_custom_gifts,send_domain_email,,,Public customer service email found on contact page 2026-07-06.,demo_video
129,74,Shelbys,handmade home decor,email,sistersflorals@gmail.com,https://shelbys-harrison.myshopify.com/pages/contact,https://shelbys-harrison.myshopify.com/pages/contact,home fragrance garden decor and gift product images,ready,email_handmade_home,send_domain_email,,,Public email found on contact page 2026-07-06.,demo_video
130,76,Kennedy James Designs,custom gifts,email,kennedyjamesclothing@gmail.com,https://kennedyjamesdesigns.myshopify.com/pages/contact,https://kennedyjamesdesigns.myshopify.com/pages/contact,custom services bags gifts and textile product images,ready,email_custom_gifts,send_domain_email,,,Public email found on contact page 2026-07-06.,demo_video
131,84,Flotsam and Jetsam Goods,candles,email,flotsamandjetsamgoods@comcast.net,https://flotsam-and-jetsam-goods.myshopify.com/pages/contact-us,https://flotsam-and-jetsam-goods.myshopify.com/pages/contact-us,candle and custom gift products with bridal and corporate order interest,sent_2026-07-09,email_candles,follow_up_if_no_reply,2026-07-14,87253ee9-50a6-4bbd-853b-1a8542e08deb,Public email found on contact page 2026-07-06. First domain email sent 2026-07-09.,demo_video
132,76,Little Red Embroidery Co,custom gifts,email,contact@littleredembroidery.com,https://little-red-embroidery-co.myshopify.com/pages/contact-us,https://little-red-embroidery-co.myshopify.com/pages/contact-us,personalized gifts custom apparel and promotional product photos,ready,email_custom_gifts,send_domain_email,,,Public email found on contact page 2026-07-06.,demo_video
133,82,Tavolo Studios,custom gifts,email,tavolostudios@gmail.com,https://tavolo-studios.myshopify.com/pages/contact,https://tavolo-studios.myshopify.com/pages/contact,custom engraved cutting boards and gift product photos,ready,email_custom_gifts,send_domain_email,,,Public email found on contact page 2026-07-06.,demo_video
134,82,In The Groove Engraving,custom gifts,email,shopinthegroove@gmail.com,https://in-the-groove-engraving.myshopify.com/pages/contact-us,https://in-the-groove-engraving.myshopify.com/pages/contact-us,unique personalized gift product photos and custom requests,ready,email_custom_gifts,send_domain_email,,,Public email found on contact page 2026-07-06.,demo_video
135,80,Stone Armory,jewelry,email,care@stonearmory.com,https://college-jewelry.myshopify.com/pages/contact-us,https://college-jewelry.myshopify.com/pages/contact-us,jewelry catalog with small business and wholesale interest,ready,email_jewelry,send_domain_email,,,Public email found on contact page 2026-07-06.,demo_video
136,74,TTN Custom Apparel,custom gifts,email,info@ttnee.com,https://ttneeca.myshopify.com/pages/contact,https://ttneeca.myshopify.com/pages/contact,custom apparel and team store product images,ready,email_custom_gifts,send_domain_email,,,Public email found on contact page 2026-07-06.,demo_video
137,90,Product Photography UK,product photography partner,email,info@productphotography.co.uk,https://www.productphotography.co.uk/contact/,https://www.productphotography.co.uk/contact/,UK ecommerce product studio with repeat catalog cutout workflows,ready,email_partner,send_domain_email,,,Official business email verified on the studio contact page 2026-08-07.,demo_video
138,88,Watermill Studio,product photography partner,email,contact@watermillstudio.co.uk,https://www.watermillstudio.co.uk/,https://www.watermillstudio.co.uk/,UK ecommerce product studio offering shoot edit and delivery workflows,ready,email_partner,send_domain_email,,,Official business email verified on the studio website 2026-08-07.,demo_video
139,90,MO Studios,product photography partner,email,hello@mostudios.co.uk,https://www.mostudios.co.uk/,https://www.mostudios.co.uk/,UK ecommerce photography studio with product and jewelry volume,ready,email_partner,send_domain_email,,,Official business email verified on the studio website 2026-08-07.,demo_video
140,90,Studio Uppix,product photography partner,email,studio@uppix.nl,https://www.uppix.nl/,https://www.uppix.nl/,Amsterdam studio handling high volume ecommerce and wholesale visuals,ready,email_partner,send_domain_email,,,Official business email verified on the studio website 2026-08-07.,demo_video
141,88,Shooting Ecommerce,product photography partner,email,contact@shooting-ecommerce.com,https://www.shooting-ecommerce.com/contact,https://www.shooting-ecommerce.com/contact,French studio specializing in ecommerce photography for brands and online stores,ready,email_partner,send_domain_email,,,Official business email verified on the studio contact page 2026-08-07.,demo_video
142,92,27n,Shopify agency partner,email,ola@27n.pt,https://www.27n.pt/,https://www.27n.pt/,Portuguese Shopify Select Partner managing catalog imports and ecommerce builds,ready,email_partner,send_domain_email,,,Official business email verified on the agency website 2026-08-07.,demo_video
