Campaign,Ad group,Keyword,Match type,Status,Final URL
Search - BatchCutout - Alternatives,remove.bg alternative,remove.bg alternative,Exact,Enabled,https://batchcutout.com/en/remove-bg-alternative-for-bulk-product-photos/?utm_source=google_ads&utm_medium=cpc&utm_campaign=remove_bg_alternative&utm_content=search
Search - BatchCutout - Alternatives,remove.bg alternative,remove bg alternative,Exact,Enabled,https://batchcutout.com/en/remove-bg-alternative-for-bulk-product-photos/?utm_source=google_ads&utm_medium=cpc&utm_campaign=remove_bg_alternative&utm_content=search
Search - BatchCutout - Alternatives,remove.bg alternative,remove.bg bulk background remover,Exact,Enabled,https://batchcutout.com/en/remove-bg-alternative-for-bulk-product-photos/?utm_source=google_ads&utm_medium=cpc&utm_campaign=remove_bg_alternative&utm_content=search
Search - BatchCutout - Alternatives,remove.bg alternative,remove bg bulk background remover,Exact,Enabled,https://batchcutout.com/en/remove-bg-alternative-for-bulk-product-photos/?utm_source=google_ads&utm_medium=cpc&utm_campaign=remove_bg_alternative&utm_content=search
Search - BatchCutout - Alternatives,remove.bg alternative,remove.bg for product photos,Exact,Enabled,https://batchcutout.com/en/remove-bg-alternative-for-bulk-product-photos/?utm_source=google_ads&utm_medium=cpc&utm_campaign=remove_bg_alternative&utm_content=search
Search - BatchCutout - Alternatives,remove.bg alternative,remove.bg pricing alternative,Exact,Enabled,https://batchcutout.com/en/remove-bg-alternative-for-bulk-product-photos/?utm_source=google_ads&utm_medium=cpc&utm_campaign=remove_bg_alternative&utm_content=search
Search - BatchCutout - Alternatives,remove.bg alternative,remove.bg alternative,Phrase,Enabled,https://batchcutout.com/en/remove-bg-alternative-for-bulk-product-photos/?utm_source=google_ads&utm_medium=cpc&utm_campaign=remove_bg_alternative&utm_content=search
Search - BatchCutout - Alternatives,remove.bg alternative,remove bg alternative,Phrase,Enabled,https://batchcutout.com/en/remove-bg-alternative-for-bulk-product-photos/?utm_source=google_ads&utm_medium=cpc&utm_campaign=remove_bg_alternative&utm_content=search
Search - BatchCutout - Alternatives,remove.bg alternative,remove.bg bulk,Phrase,Enabled,https://batchcutout.com/en/remove-bg-alternative-for-bulk-product-photos/?utm_source=google_ads&utm_medium=cpc&utm_campaign=remove_bg_alternative&utm_content=search
Search - BatchCutout - Alternatives,remove.bg alternative,remove.bg product photos,Phrase,Enabled,https://batchcutout.com/en/remove-bg-alternative-for-bulk-product-photos/?utm_source=google_ads&utm_medium=cpc&utm_campaign=remove_bg_alternative&utm_content=search
Search - BatchCutout - Alternatives,Photoroom alternative,photoroom alternative,Exact,Enabled,https://batchcutout.com/en/photoroom-alternative-for-ecommerce/?utm_source=google_ads&utm_medium=cpc&utm_campaign=photoroom_alternative&utm_content=search
Search - BatchCutout - Alternatives,Photoroom alternative,photoroom for ecommerce,Exact,Enabled,https://batchcutout.com/en/photoroom-alternative-for-ecommerce/?utm_source=google_ads&utm_medium=cpc&utm_campaign=photoroom_alternative&utm_content=search
Search - BatchCutout - Alternatives,Photoroom alternative,photoroom product photos,Exact,Enabled,https://batchcutout.com/en/photoroom-alternative-for-ecommerce/?utm_source=google_ads&utm_medium=cpc&utm_campaign=photoroom_alternative&utm_content=search
Search - BatchCutout - Alternatives,Photoroom alternative,photoroom bulk background remover,Exact,Enabled,https://batchcutout.com/en/photoroom-alternative-for-ecommerce/?utm_source=google_ads&utm_medium=cpc&utm_campaign=photoroom_alternative&utm_content=search
Search - BatchCutout - Alternatives,Photoroom alternative,photoroom pricing alternative,Exact,Enabled,https://batchcutout.com/en/photoroom-alternative-for-ecommerce/?utm_source=google_ads&utm_medium=cpc&utm_campaign=photoroom_alternative&utm_content=search
Search - BatchCutout - Alternatives,Photoroom alternative,photoroom alternative,Phrase,Enabled,https://batchcutout.com/en/photoroom-alternative-for-ecommerce/?utm_source=google_ads&utm_medium=cpc&utm_campaign=photoroom_alternative&utm_content=search
Search - BatchCutout - Alternatives,Photoroom alternative,photoroom for ecommerce,Phrase,Enabled,https://batchcutout.com/en/photoroom-alternative-for-ecommerce/?utm_source=google_ads&utm_medium=cpc&utm_campaign=photoroom_alternative&utm_content=search
Search - BatchCutout - Alternatives,Photoroom alternative,photoroom product photos,Phrase,Enabled,https://batchcutout.com/en/photoroom-alternative-for-ecommerce/?utm_source=google_ads&utm_medium=cpc&utm_campaign=photoroom_alternative&utm_content=search
Search - BatchCutout - Alternatives,Photoroom alternative,photoroom bulk background remover,Phrase,Enabled,https://batchcutout.com/en/photoroom-alternative-for-ecommerce/?utm_source=google_ads&utm_medium=cpc&utm_campaign=photoroom_alternative&utm_content=search
Search - BatchCutout - Alternatives,Pixelcut alternative,pixelcut alternative,Exact,Enabled,https://batchcutout.com/en/pixelcut-alternative-for-product-photos/?utm_source=google_ads&utm_medium=cpc&utm_campaign=pixelcut_alternative&utm_content=search
Search - BatchCutout - Alternatives,Pixelcut alternative,pixelcut product photos,Exact,Enabled,https://batchcutout.com/en/pixelcut-alternative-for-product-photos/?utm_source=google_ads&utm_medium=cpc&utm_campaign=pixelcut_alternative&utm_content=search
Search - BatchCutout - Alternatives,Pixelcut alternative,pixelcut background remover alternative,Exact,Enabled,https://batchcutout.com/en/pixelcut-alternative-for-product-photos/?utm_source=google_ads&utm_medium=cpc&utm_campaign=pixelcut_alternative&utm_content=search
Search - BatchCutout - Alternatives,Pixelcut alternative,pixelcut bulk background remover,Exact,Enabled,https://batchcutout.com/en/pixelcut-alternative-for-product-photos/?utm_source=google_ads&utm_medium=cpc&utm_campaign=pixelcut_alternative&utm_content=search
Search - BatchCutout - Alternatives,Pixelcut alternative,pixelcut pricing alternative,Exact,Enabled,https://batchcutout.com/en/pixelcut-alternative-for-product-photos/?utm_source=google_ads&utm_medium=cpc&utm_campaign=pixelcut_alternative&utm_content=search
Search - BatchCutout - Alternatives,Pixelcut alternative,pixelcut alternative,Phrase,Enabled,https://batchcutout.com/en/pixelcut-alternative-for-product-photos/?utm_source=google_ads&utm_medium=cpc&utm_campaign=pixelcut_alternative&utm_content=search
Search - BatchCutout - Alternatives,Pixelcut alternative,pixelcut product photos,Phrase,Enabled,https://batchcutout.com/en/pixelcut-alternative-for-product-photos/?utm_source=google_ads&utm_medium=cpc&utm_campaign=pixelcut_alternative&utm_content=search
Search - BatchCutout - Alternatives,Pixelcut alternative,pixelcut background remover,Phrase,Enabled,https://batchcutout.com/en/pixelcut-alternative-for-product-photos/?utm_source=google_ads&utm_medium=cpc&utm_campaign=pixelcut_alternative&utm_content=search
Search - BatchCutout - Alternatives,Pixelcut alternative,pixelcut bulk background remover,Phrase,Enabled,https://batchcutout.com/en/pixelcut-alternative-for-product-photos/?utm_source=google_ads&utm_medium=cpc&utm_campaign=pixelcut_alternative&utm_content=search
Search - BatchCutout - Alternatives,Canva alternative,canva background remover alternative,Exact,Enabled,https://batchcutout.com/en/canva-background-remover-alternative-for-product-photos/?utm_source=google_ads&utm_medium=cpc&utm_campaign=canva_alternative&utm_content=search
Search - BatchCutout - Alternatives,Canva alternative,canva alternative for product photos,Exact,Enabled,https://batchcutout.com/en/canva-background-remover-alternative-for-product-photos/?utm_source=google_ads&utm_medium=cpc&utm_campaign=canva_alternative&utm_content=search
Search - BatchCutout - Alternatives,Canva alternative,canva product photo background remover,Exact,Enabled,https://batchcutout.com/en/canva-background-remover-alternative-for-product-photos/?utm_source=google_ads&utm_medium=cpc&utm_campaign=canva_alternative&utm_content=search
Search - BatchCutout - Alternatives,Canva alternative,canva bulk background remover,Exact,Enabled,https://batchcutout.com/en/canva-background-remover-alternative-for-product-photos/?utm_source=google_ads&utm_medium=cpc&utm_campaign=canva_alternative&utm_content=search
Search - BatchCutout - Alternatives,Canva alternative,canva background remover ecommerce,Exact,Enabled,https://batchcutout.com/en/canva-background-remover-alternative-for-product-photos/?utm_source=google_ads&utm_medium=cpc&utm_campaign=canva_alternative&utm_content=search
Search - BatchCutout - Alternatives,Canva alternative,canva pro background remover alternative,Exact,Enabled,https://batchcutout.com/en/canva-background-remover-alternative-for-product-photos/?utm_source=google_ads&utm_medium=cpc&utm_campaign=canva_alternative&utm_content=search
Search - BatchCutout - Alternatives,Canva alternative,canva background remover alternative,Phrase,Enabled,https://batchcutout.com/en/canva-background-remover-alternative-for-product-photos/?utm_source=google_ads&utm_medium=cpc&utm_campaign=canva_alternative&utm_content=search
Search - BatchCutout - Alternatives,Canva alternative,canva product photo background remover,Phrase,Enabled,https://batchcutout.com/en/canva-background-remover-alternative-for-product-photos/?utm_source=google_ads&utm_medium=cpc&utm_campaign=canva_alternative&utm_content=search
Search - BatchCutout - Alternatives,Canva alternative,canva bulk background remover,Phrase,Enabled,https://batchcutout.com/en/canva-background-remover-alternative-for-product-photos/?utm_source=google_ads&utm_medium=cpc&utm_campaign=canva_alternative&utm_content=search
Search - BatchCutout - Alternatives,Canva alternative,canva alternative product photos,Phrase,Enabled,https://batchcutout.com/en/canva-background-remover-alternative-for-product-photos/?utm_source=google_ads&utm_medium=cpc&utm_campaign=canva_alternative&utm_content=search
